Latitude,Longitude,population_density
13.29583362,80.00416563,154.90201
13.29583362,80.01249896,4.41295
13.29583362,80.02083229,215.92001
13.29583362,80.02916563,564.38983
13.29583362,80.03749896,407.83316
13.29583362,80.04583229,662.67017
13.29583362,80.05416563,715.0329
13.29583362,80.06249896,1167.0138
13.29583362,80.07083229,347.08966
13.29583362,80.07916563,935.507
13.29583362,80.08749896,45.38757
13.29583362,80.09583229,279.84686
13.29583362,80.10416563,447.6766
13.29583362,80.11249896,179.91176
13.29583362,80.12083229,431.26303
13.29583362,80.12916563,404.12808
13.29583362,80.13749896,238.3732
13.29583362,80.14583229,1126.6079
13.29583362,80.15416563,2528.3787
13.29583362,80.16249896,2238.647
13.29583362,80.17083229,273.30484
13.29583362,80.17916563,223.08308
13.29583362,80.18749896,375.9026
13.29583362,80.19583229,382.39188
13.29583362,80.20416563,232.62451
13.29583362,80.21249896,1166.8503
13.29583362,80.22083229,1059.8827
13.29583362,80.22916563,693.0035
13.29583362,80.23749896,341.34262
13.29583362,80.24583229,210.8248
13.29583362,80.25416563,257.41098
13.29583362,80.26249896,321.8654
13.29583362,80.27083229,679.80865
13.29583362,80.27916563,67.06731
13.29583362,80.28749896,6.19511
13.29583362,80.29583229,6.058595
13.29583362,80.30416563,525.42615
13.29583362,80.31249896,1444.6775
13.29583362,80.32083229,718.69836
13.29583362,80.32916563,1343.3927
13.29583362,80.33749896,4277.2163
13.29583362,80.34583229,2459.9314
13.29583362,80.35416563,6.902667
13.28750028,80.00416563,510.52112
13.28750028,80.01249896,478.21036
13.28750028,80.02083229,3.2248473
13.28750028,80.02916563,5.8556557
13.28750028,80.03749896,645.51337
13.28750028,80.04583229,1221.3676
13.28750028,80.05416563,273.72876
13.28750028,80.06249896,1284.5624
13.28750028,80.07083229,717.77625
13.28750028,80.07916563,167.43709
13.28750028,80.08749896,598.9644
13.28750028,80.09583229,265.06198
13.28750028,80.10416563,40.24619
13.28750028,80.11249896,354.1305
13.28750028,80.12083229,125.47168
13.28750028,80.12916563,187.33409
13.28750028,80.13749896,203.78842
13.28750028,80.14583229,1152.2325
13.28750028,80.15416563,1508.23
13.28750028,80.16249896,610.8036
13.28750028,80.17083229,276.87424
13.28750028,80.17916563,185.85277
13.28750028,80.18749896,470.5056
13.28750028,80.19583229,224.16556
13.28750028,80.20416563,691.3194
13.28750028,80.21249896,450.43417
13.28750028,80.22083229,637.7068
13.28750028,80.22916563,218.5728
13.28750028,80.23749896,1202.5902
13.28750028,80.24583229,1939.6329
13.28750028,80.25416563,1296.3589
13.28750028,80.26249896,1496.346
13.28750028,80.27083229,409.33936
13.28750028,80.27916563,6.5958157
13.28750028,80.28749896,63.917908
13.28750028,80.29583229,171.3732
13.28750028,80.30416563,364.17242
13.28750028,80.31249896,622.5568
13.28750028,80.32083229,2240.9126
13.28750028,80.32916563,2662.648
13.28750028,80.33749896,5194.0938
13.28750028,80.34583229,1550.2037
13.27916695,80.00416563,274.02017
13.27916695,80.01249896,358.95236
13.27916695,80.02083229,7.3452635
13.27916695,80.02916563,11.9076395
13.27916695,80.03749896,263.37283
13.27916695,80.04583229,126.59122
13.27916695,80.05416563,28.57596
13.27916695,80.06249896,413.61246
13.27916695,80.07083229,251.61577
13.27916695,80.07916563,413.12253
13.27916695,80.08749896,702.8401
13.27916695,80.09583229,377.63647
13.27916695,80.10416563,85.751045
13.27916695,80.11249896,261.9779
13.27916695,80.12083229,378.88995
13.27916695,80.12916563,509.08066
13.27916695,80.13749896,215.76825
13.27916695,80.14583229,615.0908
13.27916695,80.15416563,950.85077
13.27916695,80.16249896,522.6093
13.27916695,80.17083229,347.1459
13.27916695,80.17916563,666.8859
13.27916695,80.18749896,459.02914
13.27916695,80.19583229,536.4488
13.27916695,80.20416563,634.1482
13.27916695,80.21249896,691.12866
13.27916695,80.22083229,497.1881
13.27916695,80.22916563,1177.1703
13.27916695,80.23749896,708.4268
13.27916695,80.24583229,890.58844
13.27916695,80.25416563,3787.9824
13.27916695,80.26249896,6242.5903
13.27916695,80.27083229,2251.1826
13.27916695,80.27916563,776.70404
13.27916695,80.28749896,646.5971
13.27916695,80.29583229,649.6224
13.27916695,80.30416563,827.8072
13.27916695,80.31249896,250.24446
13.27916695,80.32083229,1143.4977
13.27916695,80.32916563,599.9652
13.27916695,80.33749896,1421.3668
13.27916695,80.34583229,1098.7593
13.27083362,80.00416563,250.43773
13.27083362,80.01249896,117.993576
13.27083362,80.02083229,542.197
13.27083362,80.02916563,440.44156
13.27083362,80.03749896,1256.1985
13.27083362,80.04583229,315.202
13.27083362,80.05416563,689.92487
13.27083362,80.06249896,849.46173
13.27083362,80.07083229,83.554634
13.27083362,80.07916563,1.0183724
13.27083362,80.08749896,95.399254
13.27083362,80.09583229,1257.8586
13.27083362,80.10416563,1473.5681
13.27083362,80.11249896,1289.3289
13.27083362,80.12083229,510.47202
13.27083362,80.12916563,207.48105
13.27083362,80.13749896,779.5785
13.27083362,80.14583229,920.94995
13.27083362,80.15416563,2112.5767
13.27083362,80.16249896,2418.0454
13.27083362,80.17083229,520.46246
13.27083362,80.17916563,844.3657
13.27083362,80.18749896,693.1564
13.27083362,80.19583229,298.62332
13.27083362,80.20416563,488.28644
13.27083362,80.21249896,134.1347
13.27083362,80.22083229,411.41696
13.27083362,80.22916563,529.04114
13.27083362,80.23749896,587.41705
13.27083362,80.24583229,419.02054
13.27083362,80.25416563,1486.397
13.27083362,80.26249896,4370.052
13.27083362,80.27083229,1067.8308
13.27083362,80.27916563,2300.4412
13.27083362,80.28749896,1068.5922
13.27083362,80.29583229,437.66412
13.27083362,80.30416563,206.33217
13.27083362,80.31249896,890.1987
13.27083362,80.32083229,1529.9575
13.27083362,80.32916563,1515.62
13.27083362,80.33749896,1241.6145
13.26250028,80.00416563,185.08247
13.26250028,80.01249896,130.07454
13.26250028,80.02083229,1016.08997
13.26250028,80.02916563,991.66156
13.26250028,80.03749896,490.86942
13.26250028,80.04583229,721.3795
13.26250028,80.05416563,571.80115
13.26250028,80.06249896,229.16383
13.26250028,80.07083229,0.5618526
13.26250028,80.07916563,612.03674
13.26250028,80.08749896,194.14343
13.26250028,80.09583229,307.29706
13.26250028,80.10416563,427.89
13.26250028,80.11249896,542.4143
13.26250028,80.12083229,1139.3307
13.26250028,80.12916563,2298.153
13.26250028,80.13749896,737.59393
13.26250028,80.14583229,1349.6292
13.26250028,80.15416563,3332.0713
13.26250028,80.16249896,1402.2733
13.26250028,80.17083229,234.35869
13.26250028,80.17916563,349.78983
13.26250028,80.18749896,445.9868
13.26250028,80.19583229,502.4393
13.26250028,80.20416563,143.69563
13.26250028,80.21249896,616.37146
13.26250028,80.22083229,862.44977
13.26250028,80.22916563,726.24725
13.26250028,80.23749896,424.64227
13.26250028,80.24583229,386.1306
13.26250028,80.25416563,1142.3508
13.26250028,80.26249896,1979.691
13.26250028,80.27083229,2981.7266
13.26250028,80.27916563,2731.1482
13.26250028,80.28749896,3611.9258
13.26250028,80.29583229,2692.7341
13.26250028,80.30416563,2209.7063
13.26250028,80.31249896,1018.1917
13.26250028,80.32083229,698.20374
13.26250028,80.32916563,4725.4697
13.26250028,80.33749896,2010.7601
13.25416695,80.00416563,415.4326
13.25416695,80.01249896,1790.7345
13.25416695,80.02083229,509.20612
13.25416695,80.02916563,577.33307
13.25416695,80.03749896,481.5652
13.25416695,80.04583229,325.6307
13.25416695,80.05416563,163.27487
13.25416695,80.06249896,357.10272
13.25416695,80.07083229,444.29648
13.25416695,80.07916563,657.6774
13.25416695,80.08749896,237.91878
13.25416695,80.09583229,164.18741
13.25416695,80.10416563,116.95441
13.25416695,80.11249896,414.8397
13.25416695,80.12083229,407.47885
13.25416695,80.12916563,828.0064
13.25416695,80.13749896,1046.2139
13.25416695,80.14583229,1585.395
13.25416695,80.15416563,2697.9888
13.25416695,80.16249896,1367.8531
13.25416695,80.17083229,1103.1095
13.25416695,80.17916563,933.80505
13.25416695,80.18749896,912.5182
13.25416695,80.19583229,372.07043
13.25416695,80.20416563,56.767742
13.25416695,80.21249896,303.58698
13.25416695,80.22083229,174.82047
13.25416695,80.22916563,114.15147
13.25416695,80.23749896,127.946304
13.25416695,80.24583229,74.9907
13.25416695,80.25416563,121.71793
13.25416695,80.26249896,115.050224
13.25416695,80.27083229,895.5825
13.25416695,80.27916563,2232.035
13.25416695,80.28749896,3717.9175
13.25416695,80.29583229,2542.2703
13.25416695,80.30416563,4982.2075
13.25416695,80.31249896,580.89185
13.25416695,80.32083229,2480.0457
13.25416695,80.32916563,7414.211
13.25416695,80.33749896,910.8832
13.25416695,80.34583229,9.569323
13.24583362,80.00416563,41.15603
13.24583362,80.01249896,651.9205
13.24583362,80.02083229,689.23145
13.24583362,80.02916563,297.92807
13.24583362,80.03749896,159.24799
13.24583362,80.04583229,464.54935
13.24583362,80.05416563,363.61993
13.24583362,80.06249896,302.34637
13.24583362,80.07083229,131.55986
13.24583362,80.07916563,601.18854
13.24583362,80.08749896,271.08023
13.24583362,80.09583229,872.18964
13.24583362,80.10416563,114.59672
13.24583362,80.11249896,469.5759
13.24583362,80.12083229,422.50238
13.24583362,80.12916563,164.17905
13.24583362,80.13749896,520.7655
13.24583362,80.14583229,1025.5853
13.24583362,80.15416563,2889.9211
13.24583362,80.16249896,2750.2456
13.24583362,80.17083229,771.32825
13.24583362,80.17916563,766.5084
13.24583362,80.18749896,1101.2301
13.24583362,80.19583229,877.83
13.24583362,80.20416563,445.5714
13.24583362,80.21249896,1103.5088
13.24583362,80.22083229,843.39923
13.24583362,80.22916563,243.0276
13.24583362,80.23749896,743.856
13.24583362,80.24583229,198.00395
13.24583362,80.25416563,103.91182
13.24583362,80.26249896,638.672
13.24583362,80.27083229,2038.8047
13.24583362,80.27916563,3994.2397
13.24583362,80.28749896,1815.6976
13.24583362,80.29583229,2181.8884
13.24583362,80.30416563,1970.6642
13.24583362,80.31249896,1274.1885
13.24583362,80.32083229,3388.4495
13.24583362,80.32916563,3899.5586
13.24583362,80.33749896,26.19829
13.23750028,80.00416563,513.2465
13.23750028,80.01249896,691.01587
13.23750028,80.02083229,1374.2521
13.23750028,80.02916563,790.17926
13.23750028,80.03749896,589.44745
13.23750028,80.04583229,378.39795
13.23750028,80.05416563,756.90643
13.23750028,80.06249896,781.0134
13.23750028,80.07083229,345.48544
13.23750028,80.07916563,226.39217
13.23750028,80.08749896,672.3025
13.23750028,80.09583229,710.08575
13.23750028,80.10416563,884.8709
13.23750028,80.11249896,808.8231
13.23750028,80.12083229,859.9496
13.23750028,80.12916563,443.09113
13.23750028,80.13749896,53.65327
13.23750028,80.14583229,261.09296
13.23750028,80.15416563,592.3831
13.23750028,80.16249896,4262.926
13.23750028,80.17083229,2419.943
13.23750028,80.17916563,1351.0131
13.23750028,80.18749896,590.8206
13.23750028,80.19583229,1127.6099
13.23750028,80.20416563,972.6081
13.23750028,80.21249896,445.44275
13.23750028,80.22083229,371.6037
13.23750028,80.22916563,1062.5297
13.23750028,80.23749896,1251.8538
13.23750028,80.24583229,209.51868
13.23750028,80.25416563,410.9868
13.23750028,80.26249896,490.49747
13.23750028,80.27083229,1879.9143
13.23750028,80.27916563,4951.116
13.23750028,80.28749896,2970.7764
13.23750028,80.29583229,1440.0159
13.23750028,80.30416563,8663.925
13.23750028,80.31249896,2769.4866
13.23750028,80.32083229,3058.59
13.23750028,80.32916563,1064.096
13.23750028,80.33749896,31.196676
13.22916695,80.00416563,406.49857
13.22916695,80.01249896,952.1489
13.22916695,80.02083229,429.21735
13.22916695,80.02916563,772.5375
13.22916695,80.03749896,389.4124
13.22916695,80.04583229,647.227
13.22916695,80.05416563,319.15097
13.22916695,80.06249896,243.78365
13.22916695,80.07083229,778.8988
13.22916695,80.07916563,294.66095
13.22916695,80.08749896,679.48334
13.22916695,80.09583229,604.5013
13.22916695,80.10416563,403.57016
13.22916695,80.11249896,668.3471
13.22916695,80.12083229,594.7008
13.22916695,80.12916563,596.0081
13.22916695,80.14583229,3.061612
13.22916695,80.15416563,37.537323
13.22916695,80.16249896,2971.6028
13.22916695,80.17083229,2016.1326
13.22916695,80.17916563,700.9641
13.22916695,80.18749896,922.1633
13.22916695,80.19583229,624.20996
13.22916695,80.20416563,193.40636
13.22916695,80.21249896,1032.0419
13.22916695,80.22083229,1714.4786
13.22916695,80.22916563,840.9768
13.22916695,80.23749896,625.9765
13.22916695,80.24583229,370.60733
13.22916695,80.25416563,461.09274
13.22916695,80.26249896,1423.5303
13.22916695,80.27083229,1377.1667
13.22916695,80.27916563,3112.7349
13.22916695,80.28749896,1108.4066
13.22916695,80.29583229,1528.4678
13.22916695,80.30416563,4050.1682
13.22916695,80.31249896,1969.6067
13.22916695,80.32083229,915.474
13.22916695,80.32916563,2904.3708
13.22083362,80.00416563,917.24506
13.22083362,80.01249896,820.1323
13.22083362,80.02083229,761.04193
13.22083362,80.02916563,2332.0667
13.22083362,80.03749896,794.66516
13.22083362,80.04583229,706.3966
13.22083362,80.05416563,251.74565
13.22083362,80.06249896,693.8938
13.22083362,80.07083229,397.26
13.22083362,80.07916563,732.736
13.22083362,80.08749896,1144.4656
13.22083362,80.09583229,1745.0511
13.22083362,80.10416563,555.47864
13.22083362,80.11249896,351.85266
13.22083362,80.12083229,371.63754
13.22083362,80.12916563,307.8762
13.22083362,80.14583229,27.021854
13.22083362,80.15416563,527.7743
13.22083362,80.16249896,2967.7432
13.22083362,80.17083229,3767.6003
13.22083362,80.17916563,1525.7336
13.22083362,80.18749896,433.4238
13.22083362,80.19583229,1346.2314
13.22083362,80.20416563,195.12517
13.22083362,80.21249896,310.75958
13.22083362,80.22083229,825.03503
13.22083362,80.22916563,632.65326
13.22083362,80.23749896,101.770966
13.22083362,80.24583229,1634.3005
13.22083362,80.25416563,1224.7007
13.22083362,80.26249896,1834.6792
13.22083362,80.27083229,2818.4124
13.22083362,80.27916563,2341.3098
13.22083362,80.28749896,110.76429
13.22083362,80.29583229,237.82294
13.22083362,80.30416563,309.25696
13.22083362,80.31249896,132.56528
13.22083362,80.32083229,5539.27
13.22083362,80.32916563,1617.2089
13.21250028,80.00416563,324.56784
13.21250028,80.01249896,581.09875
13.21250028,80.02083229,569.4014
13.21250028,80.02916563,812.2028
13.21250028,80.03749896,393.6707
13.21250028,80.04583229,750.3537
13.21250028,80.05416563,532.6526
13.21250028,80.06249896,1517.8074
13.21250028,80.07083229,840.53955
13.21250028,80.07916563,1224.4447
13.21250028,80.08749896,2117.1033
13.21250028,80.09583229,1704.3466
13.21250028,80.10416563,1618.2097
13.21250028,80.11249896,2320.684
13.21250028,80.12083229,1011.064
13.21250028,80.12916563,303.5202
13.21250028,80.13749896,13.5212755
13.21250028,80.14583229,686.46313
13.21250028,80.15416563,768.25885
13.21250028,80.16249896,2366.6956
13.21250028,80.17083229,2645.4377
13.21250028,80.17916563,48.871593
13.21250028,80.18749896,267.9806
13.21250028,80.19583229,1819.5338
13.21250028,80.20416563,1015.5527
13.21250028,80.21249896,696.0332
13.21250028,80.22083229,1042.5386
13.21250028,80.22916563,180.0763
13.21250028,80.23749896,314.3034
13.21250028,80.24583229,987.5988
13.21250028,80.25416563,1634.9762
13.21250028,80.26249896,695.3196
13.21250028,80.27083229,4669.294
13.21250028,80.27916563,1708.7822
13.21250028,80.28749896,204.07187
13.21250028,80.29583229,379.5595
13.21250028,80.30416563,151.76935
13.21250028,80.31249896,1494.8737
13.21250028,80.32083229,5649.126
13.21250028,80.32916563,152.9103
13.20416695,80.00416563,22.912357
13.20416695,80.01249896,4.855478
13.20416695,80.02083229,23.28304
13.20416695,80.02916563,489.87918
13.20416695,80.03749896,501.71945
13.20416695,80.04583229,669.012
13.20416695,80.05416563,324.89014
13.20416695,80.06249896,883.7749
13.20416695,80.07083229,568.67206
13.20416695,80.07916563,743.1291
13.20416695,80.08749896,1791.7048
13.20416695,80.09583229,999.7166
13.20416695,80.10416563,971.4331
13.20416695,80.11249896,1071.6901
13.20416695,80.12083229,1570.1493
13.20416695,80.12916563,1596.803
13.20416695,80.13749896,3085.708
13.20416695,80.14583229,1329.8605
13.20416695,80.15416563,2420.9329
13.20416695,80.16249896,3193.1196
13.20416695,80.17083229,7032.4253
13.20416695,80.17916563,3757.4734
13.20416695,80.18749896,2977.3037
13.20416695,80.19583229,3919.665
13.20416695,80.20416563,488.99017
13.20416695,80.21249896,1882.2932
13.20416695,80.22083229,1538.8282
13.20416695,80.22916563,1371.2101
13.20416695,80.23749896,374.77527
13.20416695,80.24583229,1030.8276
13.20416695,80.25416563,2199.7527
13.20416695,80.26249896,4511.7065
13.20416695,80.27083229,6838.277
13.20416695,80.27916563,5033.942
13.20416695,80.28749896,67.05963
13.20416695,80.29583229,207.01237
13.20416695,80.30416563,322.4885
13.20416695,80.31249896,3822.8738
13.20416695,80.32083229,2026.7866
13.19583362,80.00416563,218.35298
13.19583362,80.01249896,130.97633
13.19583362,80.02083229,114.22954
13.19583362,80.02916563,918.66614
13.19583362,80.03749896,91.578125
13.19583362,80.04583229,148.17337
13.19583362,80.05416563,405.66122
13.19583362,80.06249896,359.68805
13.19583362,80.07083229,942.3134
13.19583362,80.07916563,900.43353
13.19583362,80.08749896,795.05804
13.19583362,80.09583229,1399.081
13.19583362,80.10416563,1733.6487
13.19583362,80.11249896,673.33185
13.19583362,80.12083229,374.5306
13.19583362,80.12916563,672.7382
13.19583362,80.13749896,2374.1042
13.19583362,80.14583229,1859.7487
13.19583362,80.15416563,4786.3423
13.19583362,80.16249896,6277.165
13.19583362,80.17083229,6454.9507
13.19583362,80.17916563,5766.061
13.19583362,80.18749896,8284.476
13.19583362,80.19583229,5210.4355
13.19583362,80.20416563,2601.9844
13.19583362,80.21249896,2193.8416
13.19583362,80.22083229,1882.0856
13.19583362,80.22916563,1742.6765
13.19583362,80.23749896,1879.8196
13.19583362,80.24583229,503.76514
13.19583362,80.25416563,2134.4385
13.19583362,80.26249896,2396.3628
13.19583362,80.27083229,5313.996
13.19583362,80.27916563,2374.648
13.19583362,80.28749896,214.3018
13.19583362,80.29583229,81.03239
13.19583362,80.30416563,1943.3077
13.19583362,80.31249896,5345.935
13.19583362,80.32083229,1886.115
13.18750028,80.00416563,236.65796
13.18750028,80.01249896,327.4514
13.18750028,80.02083229,390.40216
13.18750028,80.02916563,783.4979
13.18750028,80.03749896,187.75906
13.18750028,80.04583229,183.11496
13.18750028,80.05416563,597.8864
13.18750028,80.06249896,655.6219
13.18750028,80.07083229,512.8111
13.18750028,80.07916563,795.5446
13.18750028,80.08749896,1521.9614
13.18750028,80.09583229,1618.1163
13.18750028,80.10416563,1443.3835
13.18750028,80.11249896,445.13867
13.18750028,80.12083229,1747.6428
13.18750028,80.12916563,540.0692
13.18750028,80.13749896,558.0802
13.18750028,80.14583229,968.7386
13.18750028,80.15416563,1915.4779
13.18750028,80.16249896,646.7501
13.18750028,80.17083229,12.22653
13.18750028,80.17916563,860.55475
13.18750028,80.18749896,4839.9253
13.18750028,80.19583229,6269.3286
13.18750028,80.20416563,4835.7593
13.18750028,80.21249896,1861.0925
13.18750028,80.22083229,2150.2825
13.18750028,80.22916563,1676.4432
13.18750028,80.23749896,2471.2793
13.18750028,80.24583229,766.9613
13.18750028,80.25416563,484.03818
13.18750028,80.26249896,3162.44
13.18750028,80.27083229,8169.2656
13.18750028,80.27916563,2136.662
13.18750028,80.28749896,1489.2124
13.18750028,80.29583229,1335.668
13.18750028,80.30416563,6785.3257
13.18750028,80.31249896,7923.2563
13.18750028,80.32083229,363.60214
13.17916695,80.00416563,583.59076
13.17916695,80.01249896,1382.3667
13.17916695,80.02083229,799.8563
13.17916695,80.02916563,1455.6243
13.17916695,80.03749896,295.958
13.17916695,80.04583229,1786.1277
13.17916695,80.05416563,477.46924
13.17916695,80.06249896,1045.7714
13.17916695,80.07083229,1271.7156
13.17916695,80.07916563,874.14575
13.17916695,80.08749896,1829.7424
13.17916695,80.09583229,1577.2664
13.17916695,80.10416563,1813.7438
13.17916695,80.11249896,535.8884
13.17916695,80.12083229,1790.296
13.17916695,80.12916563,2098.031
13.17916695,80.13749896,2457.7297
13.17916695,80.14583229,1466.2648
13.17916695,80.15416563,1410.0698
13.17916695,80.16249896,432.0663
13.17916695,80.17083229,20.185907
13.17916695,80.18749896,5.061808
13.17916695,80.19583229,4546.0366
13.17916695,80.20416563,5161.6035
13.17916695,80.21249896,3038.7905
13.17916695,80.22083229,3258.5825
13.17916695,80.22916563,1670.2323
13.17916695,80.23749896,1343.5491
13.17916695,80.24583229,2066.5842
13.17916695,80.25416563,3026.065
13.17916695,80.26249896,3083.639
13.17916695,80.27083229,3080.5056
13.17916695,80.27916563,6264.2456
13.17916695,80.28749896,2335.008
13.17916695,80.29583229,7195.9624
13.17916695,80.30416563,8202.487
13.17916695,80.31249896,5772.7603
13.17083362,80.00416563,179.10803
13.17083362,80.01249896,747.5888
13.17083362,80.02083229,306.42267
13.17083362,80.02916563,931.0878
13.17083362,80.03749896,117.454636
13.17083362,80.04583229,600.48596
13.17083362,80.05416563,842.7045
13.17083362,80.06249896,264.00308
13.17083362,80.07083229,613.82117
13.17083362,80.07916563,1337.4473
13.17083362,80.08749896,2892.2441
13.17083362,80.09583229,3142.9282
13.17083362,80.10416563,2171.7065
13.17083362,80.11249896,1034.5015
13.17083362,80.12083229,190.48183
13.17083362,80.12916563,827.65137
13.17083362,80.13749896,1460.5437
13.17083362,80.14583229,589.6172
13.17083362,80.15416563,1462.7706
13.17083362,80.16249896,824.9726
13.17083362,80.17083229,309.0305
13.17083362,80.18749896,431.6481
13.17083362,80.19583229,6139.0903
13.17083362,80.20416563,6743.5127
13.17083362,80.21249896,2970.7634
13.17083362,80.22083229,4167.925
13.17083362,80.22916563,3535.6802
13.17083362,80.23749896,4305.012
13.17083362,80.24583229,8480.775
13.17083362,80.25416563,9044.899
13.17083362,80.26249896,8334.628
13.17083362,80.27083229,4132.771
13.17083362,80.27916563,8321.404
13.17083362,80.28749896,7724.653
13.17083362,80.29583229,8834.328
13.17083362,80.30416563,9336.072
13.17083362,80.31249896,2340.9224
13.16250028,80.00416563,475.4394
13.16250028,80.01249896,218.09492
13.16250028,80.02083229,627.2468
13.16250028,80.02916563,1014.99384
13.16250028,80.03749896,989.5135
13.16250028,80.04583229,1140.3527
13.16250028,80.05416563,367.68747
13.16250028,80.06249896,86.13518
13.16250028,80.07083229,90.61872
13.16250028,80.07916563,763.841
13.16250028,80.08749896,1237.9253
13.16250028,80.09583229,1475.0668
13.16250028,80.10416563,1029.5596
13.16250028,80.11249896,2602.7214
13.16250028,80.12083229,1647.8312
13.16250028,80.12916563,2042.1638
13.16250028,80.13749896,1327.4342
13.16250028,80.14583229,907.3922
13.16250028,80.15416563,1228.8723
13.16250028,80.16249896,371.33527
13.16250028,80.17083229,32.148335
13.16250028,80.18749896,35.465714
13.16250028,80.19583229,3602.3887
13.16250028,80.20416563,8177.8403
13.16250028,80.21249896,3489.6821
13.16250028,80.22083229,1978.6077
13.16250028,80.22916563,7502.2324
13.16250028,80.23749896,3896.4966
13.16250028,80.24583229,3317.464
13.16250028,80.25416563,7510.988
13.16250028,80.26249896,7626.0938
13.16250028,80.27083229,5921.219
13.16250028,80.27916563,8690.06
13.16250028,80.28749896,4488.325
13.16250028,80.29583229,8196.155
13.16250028,80.30416563,9468.182
13.16250028,80.31249896,442.2602
13.15416695,80.00416563,608.0627
13.15416695,80.01249896,936.7881
13.15416695,80.02083229,1155.475
13.15416695,80.02916563,1155.5366
13.15416695,80.03749896,2155.7703
13.15416695,80.04583229,879.5888
13.15416695,80.05416563,1154.565
13.15416695,80.06249896,2778.386
13.15416695,80.07083229,4156.1094
13.15416695,80.07916563,3260.519
13.15416695,80.08749896,2572.5886
13.15416695,80.09583229,1688.6392
13.15416695,80.10416563,3156.7441
13.15416695,80.11249896,663.6995
13.15416695,80.12083229,235.08154
13.15416695,80.12916563,1099.6116
13.15416695,80.13749896,1333.7946
13.15416695,80.14583229,757.60443
13.15416695,80.15416563,280.29547
13.15416695,80.16249896,1.9566276
13.15416695,80.18749896,197.67839
13.15416695,80.19583229,5921.593
13.15416695,80.20416563,9406.91
13.15416695,80.21249896,4162.2505
13.15416695,80.22083229,3759.8145
13.15416695,80.22916563,8896.917
13.15416695,80.23749896,7133.6313
13.15416695,80.24583229,4260.5337
13.15416695,80.25416563,5038.6724
13.15416695,80.26249896,3147.3914
13.15416695,80.27083229,6424.6646
13.15416695,80.27916563,9381.979
13.15416695,80.28749896,4144.227
13.15416695,80.29583229,8701.342
13.15416695,80.30416563,5622.073
13.14583362,80.00416563,353.57874
13.14583362,80.01249896,467.737
13.14583362,80.02083229,444.8454
13.14583362,80.02916563,433.31445
13.14583362,80.03749896,1985.228
13.14583362,80.04583229,314.35315
13.14583362,80.05416563,2320.3564
13.14583362,80.06249896,4732.381
13.14583362,80.07083229,3246.0215
13.14583362,80.07916563,3186.8342
13.14583362,80.08749896,3693.7698
13.14583362,80.09583229,533.83905
13.14583362,80.10416563,3202.088
13.14583362,80.11249896,3478.908
13.14583362,80.12083229,1630.9426
13.14583362,80.12916563,1928.4777
13.14583362,80.13749896,3827.2427
13.14583362,80.14583229,248.59915
13.14583362,80.15416563,11.227037
13.14583362,80.16249896,0.42432117
13.14583362,80.17083229,66.20159
13.14583362,80.17916563,2556.79
13.14583362,80.18749896,5563.83
13.14583362,80.19583229,5405.1904
13.14583362,80.20416563,6779.7397
13.14583362,80.21249896,1590.9667
13.14583362,80.22083229,8272.726
13.14583362,80.22916563,9738.806
13.14583362,80.23749896,8354.719
13.14583362,80.24583229,8372.453
13.14583362,80.25416563,6529.3403
13.14583362,80.26249896,1457.8503
13.14583362,80.27083229,1347.8323
13.14583362,80.27916563,5639.4424
13.14583362,80.28749896,6275.84
13.14583362,80.29583229,9217.002
13.14583362,80.30416563,1347.5186
13.13750028,80.00416563,1173.4414
13.13750028,80.01249896,609.6485
13.13750028,80.02083229,744.9825
13.13750028,80.02916563,1078.6937
13.13750028,80.03749896,2915.8806
13.13750028,80.04583229,1601.4897
13.13750028,80.05416563,2953.7502
13.13750028,80.06249896,2028.3555
13.13750028,80.07083229,2731.1602
13.13750028,80.07916563,2405.6677
13.13750028,80.08749896,3336.643
13.13750028,80.09583229,2633.925
13.13750028,80.10416563,3946.3032
13.13750028,80.11249896,2990.125
13.13750028,80.12083229,1160.4445
13.13750028,80.12916563,4420.5195
13.13750028,80.13749896,8031.0005
13.13750028,80.14583229,4666.3613
13.13750028,80.15416563,6830.064
13.13750028,80.16249896,4545.248
13.13750028,80.17083229,6850.7183
13.13750028,80.17916563,4607.653
13.13750028,80.18749896,5081.581
13.13750028,80.19583229,5953.7827
13.13750028,80.20416563,9734.525
13.13750028,80.21249896,4795.8564
13.13750028,80.22083229,7555.8584
13.13750028,80.22916563,8308.497
13.13750028,80.23749896,8882.479
13.13750028,80.24583229,9351.628
13.13750028,80.25416563,9531.733
13.13750028,80.26249896,2394.9233
13.13750028,80.27083229,27.575838
13.13750028,80.27916563,5051.174
13.13750028,80.28749896,6515.9473
13.13750028,80.29583229,7141.451
13.12916695,80.00416563,5031.351
13.12916695,80.01249896,3516.2297
13.12916695,80.02083229,3132.9058
13.12916695,80.02916563,4965.503
13.12916695,80.03749896,5613.02
13.12916695,80.04583229,5125.736
13.12916695,80.05416563,5681.3237
13.12916695,80.06249896,3052.0881
13.12916695,80.07083229,3169.5867
13.12916695,80.07916563,3917.3508
13.12916695,80.08749896,2565.791
13.12916695,80.09583229,2809.3667
13.12916695,80.10416563,3059.6025
13.12916695,80.11249896,2654.9739
13.12916695,80.12083229,4827.3354
13.12916695,80.12916563,7489.8438
13.12916695,80.13749896,8618.033
13.12916695,80.14583229,8238.554
13.12916695,80.15416563,9607.283
13.12916695,80.16249896,9643.233
13.12916695,80.17083229,7583.8096
13.12916695,80.17916563,3515.0264
13.12916695,80.18749896,1856.8615
13.12916695,80.19583229,7239.81
13.12916695,80.20416563,10278.256
13.12916695,80.21249896,10003.585
13.12916695,80.22083229,9796.103
13.12916695,80.22916563,8845.302
13.12916695,80.23749896,8347.171
13.12916695,80.24583229,10249.579
13.12916695,80.25416563,10266.679
13.12916695,80.26249896,8299.933
13.12916695,80.27083229,4869.974
13.12916695,80.27916563,9041.624
13.12916695,80.28749896,10739.901
13.12916695,80.29583229,6648.7114
13.12916695,80.30416563,18.324505
13.12083362,80.00416563,4030.975
13.12083362,80.01249896,2052.671
13.12083362,80.02083229,2602.4458
13.12083362,80.02916563,5536.6875
13.12083362,80.03749896,4838.6123
13.12083362,80.04583229,4807.9893
13.12083362,80.05416563,4207.3145
13.12083362,80.06249896,7595.1245
13.12083362,80.07083229,7123.547
13.12083362,80.07916563,6390.8076
13.12083362,80.08749896,5290.355
13.12083362,80.09583229,7432.045
13.12083362,80.10416563,5907.9575
13.12083362,80.11249896,5299.689
13.12083362,80.12083229,6962.351
13.12083362,80.12916563,8049.8394
13.12083362,80.13749896,8166.6094
13.12083362,80.14583229,9278.155
13.12083362,80.15416563,9740.375
13.12083362,80.16249896,10129.749
13.12083362,80.17083229,5371.114
13.12083362,80.17916563,221.13777
13.12083362,80.18749896,4211.042
13.12083362,80.19583229,7652.6772
13.12083362,80.20416563,9173.673
13.12083362,80.21249896,9831.746
13.12083362,80.22083229,9556.438
13.12083362,80.22916563,10269.202
13.12083362,80.23749896,8793.218
13.12083362,80.24583229,9676.21
13.12083362,80.25416563,10372.835
13.12083362,80.26249896,10481.654
13.12083362,80.27083229,6609.2983
13.12083362,80.27916563,10010.322
13.12083362,80.28749896,10692.866
13.12083362,80.29583229,8142.8735
13.12083362,80.30416563,219.07027
13.11250028,80.00416563,1393.7361
13.11250028,80.01249896,75.20519
13.11250028,80.02083229,232.165
13.11250028,80.02916563,3779.8975
13.11250028,80.03749896,1875.8942
13.11250028,80.04583229,1324.9254
13.11250028,80.05416563,1109.0298
13.11250028,80.06249896,5441.1567
13.11250028,80.07083229,3424.8015
13.11250028,80.07916563,3028.4458
13.11250028,80.08749896,2657.1191
13.11250028,80.09583229,8680.344
13.11250028,80.10416563,8558.442
13.11250028,80.11249896,7733.0664
13.11250028,80.12083229,4808.6265
13.11250028,80.12916563,6412.9956
13.11250028,80.13749896,3839.804
13.11250028,80.14583229,5288.568
13.11250028,80.15416563,9688.419
13.11250028,80.16249896,10215.364
13.11250028,80.17083229,8772.519
13.11250028,80.17916563,6731.1567
13.11250028,80.18749896,8845.194
13.11250028,80.19583229,5035.496
13.11250028,80.20416563,9561.826
13.11250028,80.21249896,9676.231
13.11250028,80.22083229,9566.726
13.11250028,80.22916563,9957.093
13.11250028,80.23749896,9452.201
13.11250028,80.24583229,9425.527
13.11250028,80.25416563,9687.352
13.11250028,80.26249896,10043.643
13.11250028,80.27083229,6576.344
13.11250028,80.27916563,9405.065
13.11250028,80.28749896,10155.083
13.11250028,80.29583229,9412.262
13.11250028,80.30416563,319.47223
13.10416695,80.00416563,618.06665
13.10416695,80.01249896,235.10724
13.10416695,80.02083229,841.58966
13.10416695,80.02916563,928.6191
13.10416695,80.03749896,480.31372
13.10416695,80.04583229,772.32904
13.10416695,80.05416563,1419.5908
13.10416695,80.06249896,1880.561
13.10416695,80.07083229,772.52704
13.10416695,80.07916563,770.5385
13.10416695,80.08749896,1830.7559
13.10416695,80.09583229,6475.8013
13.10416695,80.10416563,4888.6533
13.10416695,80.11249896,5626.8193
13.10416695,80.12083229,2707.8943
13.10416695,80.12916563,5043.113
13.10416695,80.13749896,5416.924
13.10416695,80.14583229,1753.2705
13.10416695,80.15416563,8348.518
13.10416695,80.16249896,8366.583
13.10416695,80.17083229,9792.8
13.10416695,80.17916563,9071.493
13.10416695,80.18749896,9336.211
13.10416695,80.19583229,8024.9077
13.10416695,80.20416563,10358.43
13.10416695,80.21249896,9613.54
13.10416695,80.22083229,6278.1577
13.10416695,80.22916563,5869.837
13.10416695,80.23749896,7814.775
13.10416695,80.24583229,9825.569
13.10416695,80.25416563,9976.923
13.10416695,80.26249896,9637.477
13.10416695,80.27083229,6563.8115
13.10416695,80.27916563,10016.296
13.10416695,80.28749896,9823.057
13.10416695,80.29583229,7657.4595
13.10416695,80.30416563,41.233524
13.09583362,80.00416563,1158.786
13.09583362,80.01249896,947.74695
13.09583362,80.02083229,1560.2881
13.09583362,80.02916563,638.9958
13.09583362,80.03749896,728.28107
13.09583362,80.04583229,685.2743
13.09583362,80.05416563,1718.3281
13.09583362,80.06249896,928.29504
13.09583362,80.07083229,1042.4473
13.09583362,80.07916563,1147.9541
13.09583362,80.08749896,1899.3864
13.09583362,80.09583229,1137.0457
13.09583362,80.10416563,4905.5376
13.09583362,80.11249896,4558.714
13.09583362,80.12083229,720.0913
13.09583362,80.12916563,2852.7944
13.09583362,80.13749896,7225.3643
13.09583362,80.14583229,7077.9517
13.09583362,80.15416563,6481.0625
13.09583362,80.16249896,9385.39
13.09583362,80.17083229,9489.773
13.09583362,80.17916563,9211.302
13.09583362,80.18749896,9979.477
13.09583362,80.19583229,10073.6875
13.09583362,80.20416563,9917.644
13.09583362,80.21249896,9139.802
13.09583362,80.22083229,9515.958
13.09583362,80.22916563,10502.528
13.09583362,80.23749896,10405.029
13.09583362,80.24583229,9690.491
13.09583362,80.25416563,10493.201
13.09583362,80.26249896,10793.362
13.09583362,80.27083229,8681.584
13.09583362,80.27916563,10881.081
13.09583362,80.28749896,11010.5625
13.09583362,80.29583229,3733.429
13.09583362,80.30416563,446.294
13.08750028,80.00416563,1135.7805
13.08750028,80.01249896,1114.1719
13.08750028,80.02083229,671.7167
13.08750028,80.02916563,285.2668
13.08750028,80.03749896,775.4114
13.08750028,80.04583229,930.19196
13.08750028,80.05416563,1615.2115
13.08750028,80.06249896,387.31622
13.08750028,80.07083229,1174.3582
13.08750028,80.07916563,557.83
13.08750028,80.08749896,1013.1027
13.08750028,80.09583229,2014.6433
13.08750028,80.10416563,3930.1533
13.08750028,80.11249896,4351.9453
13.08750028,80.12083229,2185.5227
13.08750028,80.12916563,2118.084
13.08750028,80.13749896,3244.1685
13.08750028,80.14583229,6079.326
13.08750028,80.15416563,4157.876
13.08750028,80.16249896,8366.917
13.08750028,80.17083229,9635.554
13.08750028,80.17916563,9571.951
13.08750028,80.18749896,10503.2
13.08750028,80.19583229,10517.839
13.08750028,80.20416563,10173.543
13.08750028,80.21249896,10858.532
13.08750028,80.22083229,11203.852
13.08750028,80.22916563,9843.712
13.08750028,80.23749896,7209.8584
13.08750028,80.24583229,10190.727
13.08750028,80.25416563,11447.452
13.08750028,80.26249896,11067.566
13.08750028,80.27083229,9536.3545
13.08750028,80.27916563,10772.125
13.08750028,80.28749896,10085.644
13.08750028,80.29583229,4593.688
13.08750028,80.30416563,612.4195
13.07916695,80.00416563,249.60185
13.07916695,80.01249896,307.2637
13.07916695,80.02083229,1721.9781
13.07916695,80.02916563,1501.6797
13.07916695,80.03749896,546.7444
13.07916695,80.04583229,750.10077
13.07916695,80.05416563,888.41315
13.07916695,80.06249896,1127.006
13.07916695,80.07083229,1333.6815
13.07916695,80.07916563,665.294
13.07916695,80.08749896,282.7235
13.07916695,80.09583229,1595.9335
13.07916695,80.10416563,1142.355
13.07916695,80.11249896,6648.944
13.07916695,80.12083229,8187.136
13.07916695,80.12916563,3706.5496
13.07916695,80.13749896,945.7126
13.07916695,80.14583229,4252.938
13.07916695,80.15416563,9164.08
13.07916695,80.16249896,8442.12
13.07916695,80.17083229,9245.015
13.07916695,80.17916563,10455.241
13.07916695,80.18749896,10646.197
13.07916695,80.19583229,9133.868
13.07916695,80.20416563,10662.561
13.07916695,80.21249896,11720.93
13.07916695,80.22083229,10880.073
13.07916695,80.22916563,10789.542
13.07916695,80.23749896,11355.74
13.07916695,80.24583229,11470.844
13.07916695,80.25416563,11490.477
13.07916695,80.26249896,10534.904
13.07916695,80.27083229,9051.694
13.07916695,80.27916563,7325.752
13.07916695,80.28749896,7779.4116
13.07916695,80.29583229,2226.4302
13.07083362,80.00416563,17.053185
13.07083362,80.01249896,280.36127
13.07083362,80.02083229,1152.5109
13.07083362,80.02916563,1896.6964
13.07083362,80.03749896,3102.0222
13.07083362,80.04583229,1253.6155
13.07083362,80.05416563,204.44966
13.07083362,80.06249896,396.19174
13.07083362,80.07083229,941.6588
13.07083362,80.07916563,2511.062
13.07083362,80.08749896,1401.2717
13.07083362,80.09583229,1132.621
13.07083362,80.10416563,247.37697
13.07083362,80.11249896,4731.5903
13.07083362,80.12083229,9160.545
13.07083362,80.12916563,6327.736
13.07083362,80.13749896,2078.051
13.07083362,80.14583229,3594.7139
13.07083362,80.15416563,6674.1646
13.07083362,80.16249896,7453.409
13.07083362,80.17083229,6847.628
13.07083362,80.17916563,9591.454
13.07083362,80.18749896,9297.956
13.07083362,80.19583229,9556.859
13.07083362,80.20416563,9806.608
13.07083362,80.21249896,10199.836
13.07083362,80.22083229,11424.412
13.07083362,80.22916563,10633.059
13.07083362,80.23749896,10555.561
13.07083362,80.24583229,10064.635
13.07083362,80.25416563,11377.606
13.07083362,80.26249896,10794.848
13.07083362,80.27083229,9555.251
13.07083362,80.27916563,4412.8896
13.07083362,80.28749896,4496.36
13.07083362,80.29583229,37.137115
13.06250028,80.00416563,5.183343
13.06250028,80.01249896,111.5284
13.06250028,80.02083229,410.2046
13.06250028,80.02916563,1534.9187
13.06250028,80.03749896,1082.2524
13.06250028,80.04583229,1352.5253
13.06250028,80.05416563,1074.4008
13.06250028,80.06249896,2075.262
13.06250028,80.07083229,199.8298
13.06250028,80.07916563,863.5111
13.06250028,80.08749896,1052.9214
13.06250028,80.09583229,2328.955
13.06250028,80.10416563,4268.0537
13.06250028,80.11249896,6728.707
13.06250028,80.12083229,6255.772
13.06250028,80.12916563,7739.077
13.06250028,80.13749896,8415.661
13.06250028,80.14583229,6974.9976
13.06250028,80.15416563,7914.2637
13.06250028,80.16249896,8577.128
13.06250028,80.17083229,9257.745
13.06250028,80.17916563,9482.062
13.06250028,80.18749896,9118.678
13.06250028,80.19583229,9244.79
13.06250028,80.20416563,6748.4844
13.06250028,80.21249896,9999.763
13.06250028,80.22083229,10206.009
13.06250028,80.22916563,9969.766
13.06250028,80.23749896,9572.648
13.06250028,80.24583229,11661.408
13.06250028,80.25416563,10691.244
13.06250028,80.26249896,11314.571
13.06250028,80.27083229,11742.86
13.06250028,80.27916563,9856.311
13.06250028,80.28749896,1446.7882
13.05416695,80.00416563,74.34462
13.05416695,80.01249896,153.69174
13.05416695,80.02083229,179.65405
13.05416695,80.02916563,1317.3308
13.05416695,80.03749896,103.777664
13.05416695,80.04583229,400.16855
13.05416695,80.05416563,2243.9226
13.05416695,80.06249896,6707.4863
13.05416695,80.07083229,2611.1128
13.05416695,80.07916563,2016.9779
13.05416695,80.08749896,2419.4565
13.05416695,80.09583229,8671.317
13.05416695,80.10416563,8705.614
13.05416695,80.11249896,8723.436
13.05416695,80.12083229,7311.3247
13.05416695,80.12916563,7238.6436
13.05416695,80.13749896,8062.218
13.05416695,80.14583229,5896.0454
13.05416695,80.15416563,7315.2754
13.05416695,80.16249896,9057.852
13.05416695,80.17083229,9589.928
13.05416695,80.17916563,9863.436
13.05416695,80.18749896,9319.168
13.05416695,80.19583229,10105.796
13.05416695,80.20416563,10145.273
13.05416695,80.21249896,11685.189
13.05416695,80.22083229,10895.122
13.05416695,80.22916563,10027.157
13.05416695,80.23749896,10519.97
13.05416695,80.24583229,11063.234
13.05416695,80.25416563,11461.571
13.05416695,80.26249896,10993.081
13.05416695,80.27083229,10908.79
13.05416695,80.27916563,8017.066
13.05416695,80.28749896,28.443834
13.04583362,80.00416563,521.31573
13.04583362,80.01249896,1544.6523
13.04583362,80.02083229,2092.7842
13.04583362,80.02916563,2743.9297
13.04583362,80.03749896,852.19495
13.04583362,80.04583229,323.14423
13.04583362,80.05416563,4137.853
13.04583362,80.06249896,5533.532
13.04583362,80.07083229,4616.3657
13.04583362,80.07916563,6695.409
13.04583362,80.08749896,4043.2222
13.04583362,80.09583229,8187.456
13.04583362,80.10416563,8010.7183
13.04583362,80.11249896,8817.897
13.04583362,80.12083229,8222.927
13.04583362,80.12916563,7118.842
13.04583362,80.13749896,9162.8955
13.04583362,80.14583229,7163.2627
13.04583362,80.15416563,8190.102
13.04583362,80.16249896,9720.418
13.04583362,80.17083229,9695.736
13.04583362,80.17916563,9817.888
13.04583362,80.18749896,10055.356
13.04583362,80.19583229,10577.432
13.04583362,80.20416563,10796.374
13.04583362,80.21249896,11608.058
13.04583362,80.22083229,11164.696
13.04583362,80.22916563,10779.363
13.04583362,80.23749896,10262.844
13.04583362,80.24583229,11041.65
13.04583362,80.25416563,10203.017
13.04583362,80.26249896,11244.885
13.04583362,80.27083229,11249.219
13.04583362,80.27916563,6034.5356
13.03750028,80.00416563,412.43365
13.03750028,80.01249896,1710.177
13.03750028,80.02083229,1968.2028
13.03750028,80.02916563,1120.8572
13.03750028,80.03749896,2431.7085
13.03750028,80.04583229,3634.159
13.03750028,80.05416563,4933.023
13.03750028,80.06249896,1708.7286
13.03750028,80.07083229,1785.7036
13.03750028,80.07916563,4549.531
13.03750028,80.08749896,2694.8584
13.03750028,80.09583229,5517.892
13.03750028,80.10416563,5929.689
13.03750028,80.11249896,7438.2407
13.03750028,80.12083229,6351.0815
13.03750028,80.12916563,7402.085
13.03750028,80.13749896,8096.6475
13.03750028,80.14583229,6192.376
13.03750028,80.15416563,8456.471
13.03750028,80.16249896,10364.061
13.03750028,80.17083229,10963.398
13.03750028,80.17916563,10891.851
13.03750028,80.18749896,10602.807
13.03750028,80.19583229,10010.116
13.03750028,80.20416563,10691.277
13.03750028,80.21249896,10590.278
13.03750028,80.22083229,11652.581
13.03750028,80.22916563,11650.588
13.03750028,80.23749896,11212.144
13.03750028,80.24583229,11447.903
13.03750028,80.25416563,10541.698
13.03750028,80.26249896,11318.112
13.03750028,80.27083229,11038.41
13.03750028,80.27916563,5847.836
13.02916695,80.00416563,1232.7963
13.02916695,80.01249896,1873.5342
13.02916695,80.02083229,4768.6323
13.02916695,80.02916563,2371.2126
13.02916695,80.03749896,3758.6687
13.02916695,80.04583229,937.89984
13.02916695,80.05416563,2010.5651
13.02916695,80.06249896,259.45654
13.02916695,80.07083229,147.95459
13.02916695,80.07916563,1828.9106
13.02916695,80.08749896,2380.956
13.02916695,80.09583229,2347.9521
13.02916695,80.10416563,6266.2983
13.02916695,80.11249896,6139.383
13.02916695,80.12083229,1886.2953
13.02916695,80.12916563,4564.127
13.02916695,80.13749896,4601.826
13.02916695,80.14583229,1309.2032
13.02916695,80.15416563,8206.392
13.02916695,80.16249896,9059.799
13.02916695,80.17083229,8706.333
13.02916695,80.17916563,10813.716
13.02916695,80.18749896,10167.136
13.02916695,80.19583229,7097.4253
13.02916695,80.20416563,9715.609
13.02916695,80.21249896,10921.351
13.02916695,80.22083229,11504.185
13.02916695,80.22916563,11190.828
13.02916695,80.23749896,8315.5205
13.02916695,80.24583229,10251.153
13.02916695,80.25416563,10984.789
13.02916695,80.26249896,10673.982
13.02916695,80.27083229,10698.565
13.02916695,80.27916563,4714.468
13.02083362,80.00416563,2987.4744
13.02083362,80.01249896,1320.4927
13.02083362,80.02083229,1442.3141
13.02083362,80.02916563,1181.588
13.02083362,80.03749896,1146.3591
13.02083362,80.04583229,45.942623
13.02083362,80.05416563,35.688263
13.02083362,80.07083229,7.64E-10
13.02083362,80.07916563,767.6983
13.02083362,80.08749896,540.5376
13.02083362,80.09583229,703.1504
13.02083362,80.10416563,5441.1934
13.02083362,80.11249896,4539.639
13.02083362,80.12083229,4728.1777
13.02083362,80.12916563,5114.2705
13.02083362,80.13749896,6637.4346
13.02083362,80.14583229,8583.883
13.02083362,80.15416563,9431.481
13.02083362,80.16249896,8797.565
13.02083362,80.17083229,9521.836
13.02083362,80.17916563,9477.649
13.02083362,80.18749896,5809.543
13.02083362,80.19583229,4582.1167
13.02083362,80.20416563,10381.999
13.02083362,80.21249896,8799.991
13.02083362,80.22083229,10937.234
13.02083362,80.22916563,7518.103
13.02083362,80.23749896,5099.663
13.02083362,80.24583229,6995.0254
13.02083362,80.25416563,8528.49
13.02083362,80.26249896,8732.445
13.02083362,80.27083229,7227.5396
13.02083362,80.27916563,1842.6086
13.01250028,80.00416563,3008.6133
13.01250028,80.01249896,2582.7617
13.01250028,80.02083229,180.57817
13.01250028,80.02916563,0.4168437
13.01250028,80.07916563,378.8117
13.01250028,80.08749896,1816.0223
13.01250028,80.09583229,1471.049
13.01250028,80.10416563,5537.571
13.01250028,80.11249896,5116.775
13.01250028,80.12083229,4681.621
13.01250028,80.12916563,4814.3774
13.01250028,80.13749896,7516.3545
13.01250028,80.14583229,7099.6025
13.01250028,80.15416563,7189.854
13.01250028,80.16249896,5409.7925
13.01250028,80.17083229,5623.125
13.01250028,80.17916563,4010.2534
13.01250028,80.18749896,5446.1973
13.01250028,80.19583229,7969.1313
13.01250028,80.20416563,8952.78
13.01250028,80.21249896,9691.739
13.01250028,80.22083229,8836.625
13.01250028,80.22916563,6885.551
13.01250028,80.23749896,6017.0884
13.01250028,80.24583229,7685.3926
13.01250028,80.25416563,3758.1384
13.01250028,80.26249896,2920.62
13.01250028,80.27083229,1117.7627
13.01250028,80.27916563,103.252594
13.00416695,80.00416563,4639.091
13.00416695,80.01249896,5624.1235
13.00416695,80.02083229,2125.552
13.00416695,80.02916563,803.12836
13.00416695,80.07916563,33.304802
13.00416695,80.08749896,1750.0414
13.00416695,80.09583229,6581.3135
13.00416695,80.10416563,4738.408
13.00416695,80.11249896,5178.289
13.00416695,80.12083229,4075.7144
13.00416695,80.12916563,4125.598
13.00416695,80.13749896,3715.3838
13.00416695,80.14583229,2030.4373
13.00416695,80.15416563,1242.2126
13.00416695,80.16249896,624.4823
13.00416695,80.17083229,715.9327
13.00416695,80.17916563,1238.5183
13.00416695,80.18749896,4120.3013
13.00416695,80.19583229,6994.74
13.00416695,80.20416563,9171.305
13.00416695,80.21249896,6526.8545
13.00416695,80.22083229,3118.6516
13.00416695,80.22916563,815.28705
13.00416695,80.23749896,2493.648
13.00416695,80.24583229,7346.2593
13.00416695,80.25416563,10952.697
13.00416695,80.26249896,8253.486
13.00416695,80.27083229,3955.8206
13.00416695,80.27916563,2.9978714
12.99583362,80.00416563,6212.149
12.99583362,80.01249896,5307.4404
12.99583362,80.02083229,3980.9905
12.99583362,80.02916563,2824.5085
12.99583362,80.03749896,0.4184826
12.99583362,80.05416563,18.457409
12.99583362,80.06249896,147.26497
12.99583362,80.07083229,1195.1974
12.99583362,80.07916563,1253.2493
12.99583362,80.08749896,3084.4597
12.99583362,80.09583229,8151.7373
12.99583362,80.10416563,4184.133
12.99583362,80.11249896,3847.6672
12.99583362,80.12083229,2637.331
12.99583362,80.12916563,1850.8835
12.99583362,80.13749896,2397.589
12.99583362,80.14583229,3243.9666
12.99583362,80.15416563,1181.8577
12.99583362,80.16249896,653.32465
12.99583362,80.17083229,588.85016
12.99583362,80.17916563,1455.9813
12.99583362,80.18749896,4587.216
12.99583362,80.19583229,8373.161
12.99583362,80.20416563,10804.133
12.99583362,80.21249896,9051.835
12.99583362,80.22083229,2025.751
12.99583362,80.22916563,712.07184
12.99583362,80.23749896,2354.0808
12.99583362,80.24583229,7408.4917
12.99583362,80.25416563,11063.531
12.99583362,80.26249896,10069.391
12.99583362,80.27083229,5326.85
12.98750028,80.00416563,2704.9707
12.98750028,80.01249896,4157.125
12.98750028,80.02083229,641.2757
12.98750028,80.02916563,105.957924
12.98750028,80.03749896,14.328263
12.98750028,80.04583229,21.544699
12.98750028,80.05416563,2086.2478
12.98750028,80.06249896,1980.8239
12.98750028,80.07083229,1133.9756
12.98750028,80.07916563,156.27264
12.98750028,80.08749896,1036.9055
12.98750028,80.09583229,4598.37
12.98750028,80.10416563,2454.6821
12.98750028,80.11249896,3565.0955
12.98750028,80.12083229,4895.782
12.98750028,80.12916563,5895.8857
12.98750028,80.13749896,6837.077
12.98750028,80.14583229,7675.41
12.98750028,80.15416563,2105.9524
12.98750028,80.16249896,1534.7786
12.98750028,80.17083229,4441.4155
12.98750028,80.17916563,7783.8403
12.98750028,80.18749896,10427.009
12.98750028,80.19583229,10405.098
12.98750028,80.20416563,10788.242
12.98750028,80.21249896,8051.2236
12.98750028,80.22083229,9335.959
12.98750028,80.22916563,5902.8267
12.98750028,80.23749896,5697.126
12.98750028,80.24583229,8969.955
12.98750028,80.25416563,11241.336
12.98750028,80.26249896,8374.156
12.98750028,80.27083229,1878.796
12.97916695,80.00416563,488.58273
12.97916695,80.01249896,653.266
12.97916695,80.02083229,1600.0104
12.97916695,80.02916563,248.5147
12.97916695,80.03749896,50.794456
12.97916695,80.04583229,2110.8455
12.97916695,80.05416563,4686.647
12.97916695,80.06249896,3280.91
12.97916695,80.07083229,780.5871
12.97916695,80.07916563,198.76326
12.97916695,80.08749896,1006.3715
12.97916695,80.09583229,893.1218
12.97916695,80.10416563,1718.3317
12.97916695,80.11249896,550.3149
12.97916695,80.12083229,5122.0127
12.97916695,80.12916563,9258.441
12.97916695,80.13749896,10018.448
12.97916695,80.14583229,7965.1543
12.97916695,80.15416563,4259.6255
12.97916695,80.16249896,5476.472
12.97916695,80.17083229,1054.0553
12.97916695,80.17916563,7160.2915
12.97916695,80.18749896,11185.755
12.97916695,80.19583229,10988.879
12.97916695,80.20416563,10245.554
12.97916695,80.21249896,9910.749
12.97916695,80.22083229,11439.239
12.97916695,80.22916563,10558.335
12.97916695,80.23749896,8317.283
12.97916695,80.24583229,8462.416
12.97916695,80.25416563,10040.173
12.97916695,80.26249896,9780.266
12.97916695,80.27083229,673.6975
12.97083362,80.00416563,41.335175
12.97083362,80.01249896,647.4157
12.97083362,80.02083229,1185.0387
12.97083362,80.02916563,873.7361
12.97083362,80.03749896,888.65704
12.97083362,80.04583229,3120.4773
12.97083362,80.05416563,2069.5361
12.97083362,80.06249896,1583.9958
12.97083362,80.07083229,34.571934
12.97083362,80.07916563,330.61142
12.97083362,80.08749896,3787.851
12.97083362,80.09583229,3734.8606
12.97083362,80.10416563,3191.0688
12.97083362,80.11249896,659.1228
12.97083362,80.12083229,5410.3237
12.97083362,80.12916563,9433.083
12.97083362,80.13749896,9430.03
12.97083362,80.14583229,9790.773
12.97083362,80.15416563,6095.8486
12.97083362,80.16249896,4753.6606
12.97083362,80.17083229,3349.8975
12.97083362,80.17916563,5841.712
12.97083362,80.18749896,11105.054
12.97083362,80.19583229,10024.059
12.97083362,80.20416563,9011.452
12.97083362,80.21249896,9838.752
12.97083362,80.22083229,8435.948
12.97083362,80.22916563,6748.3755
12.97083362,80.23749896,6569.239
12.97083362,80.24583229,6585.7217
12.97083362,80.25416563,8623.661
12.97083362,80.26249896,8179.9517
12.97083362,80.27083229,13.670819
12.96250028,80.00416563,2.121612
12.96250028,80.01249896,736.54956
12.96250028,80.02083229,987.06476
12.96250028,80.02916563,1674.317
12.96250028,80.03749896,368.88757
12.96250028,80.04583229,809.67505
12.96250028,80.05416563,2154.3342
12.96250028,80.06249896,1211.2797
12.96250028,80.07083229,1340.0911
12.96250028,80.07916563,3111.1035
12.96250028,80.08749896,1787.1508
12.96250028,80.09583229,1490.4229
12.96250028,80.10416563,978.71783
12.96250028,80.11249896,2755.122
12.96250028,80.12083229,4707.868
12.96250028,80.12916563,7048.0933
12.96250028,80.13749896,5557.6357
12.96250028,80.14583229,8191.695
12.96250028,80.15416563,6122.0337
12.96250028,80.16249896,8229.994
12.96250028,80.17083229,8653.907
12.96250028,80.17916563,6350.825
12.96250028,80.18749896,8656.621
12.96250028,80.19583229,8768.17
12.96250028,80.20416563,9774.542
12.96250028,80.21249896,8021.635
12.96250028,80.22083229,1355.2401
12.96250028,80.22916563,1481.4503
12.96250028,80.23749896,7431.3384
12.96250028,80.24583229,8044.5435
12.96250028,80.25416563,8605.717
12.96250028,80.26249896,5177.089
12.95416695,80.00416563,347.21066
12.95416695,80.01249896,90.27564
12.95416695,80.02083229,461.65796
12.95416695,80.02916563,1558.2797
12.95416695,80.03749896,1499.4022
12.95416695,80.04583229,1761.7506
12.95416695,80.05416563,962.9491
12.95416695,80.06249896,422.1133
12.95416695,80.07083229,271.07413
12.95416695,80.07916563,1825.5745
12.95416695,80.08749896,589.68713
12.95416695,80.09583229,216.38594
12.95416695,80.10416563,1280.2394
12.95416695,80.11249896,2440.523
12.95416695,80.12083229,2312.3923
12.95416695,80.12916563,6851.51
12.95416695,80.13749896,9312.053
12.95416695,80.14583229,9072.133
12.95416695,80.15416563,6048.566
12.95416695,80.16249896,6105.7676
12.95416695,80.17083229,6472.208
12.95416695,80.17916563,7528.4067
12.95416695,80.18749896,9334.559
12.95416695,80.19583229,8239.893
12.95416695,80.20416563,7760.314
12.95416695,80.21249896,3676.3108
12.95416695,80.22083229,277.21246
12.95416695,80.22916563,1286.9786
12.95416695,80.23749896,9434.001
12.95416695,80.24583229,8407.721
12.95416695,80.25416563,9535.629
12.95416695,80.26249896,3449.3545
12.94583362,80.00416563,665.5728
12.94583362,80.01249896,249.4043
12.94583362,80.02083229,174.19214
12.94583362,80.02916563,277.13242
12.94583362,80.03749896,1226.9807
12.94583362,80.04583229,1676.1027
12.94583362,80.05416563,840.4129
12.94583362,80.06249896,1047.6849
12.94583362,80.07083229,1687.5005
12.94583362,80.07916563,1543.0718
12.94583362,80.08749896,337.14606
12.94583362,80.09583229,570.1301
12.94583362,80.10416563,1154.0173
12.94583362,80.11249896,1831.8352
12.94583362,80.12083229,4006.094
12.94583362,80.12916563,4672.589
12.94583362,80.13749896,9249.822
12.94583362,80.14583229,9096.693
12.94583362,80.15416563,8555.262
12.94583362,80.16249896,6205.9272
12.94583362,80.17083229,1652.794
12.94583362,80.17916563,4257.5654
12.94583362,80.18749896,7011.589
12.94583362,80.19583229,8971.685
12.94583362,80.20416563,6840.474
12.94583362,80.21249896,4661.5728
12.94583362,80.22083229,262.86288
12.94583362,80.22916563,2184.8083
12.94583362,80.23749896,10508.881
12.94583362,80.24583229,8094.356
12.94583362,80.25416563,9449.822
12.94583362,80.26249896,2170.3796
12.93750028,80.00416563,1120.5605
12.93750028,80.01249896,221.51855
12.93750028,80.02083229,280.94827
12.93750028,80.02916563,135.5041
12.93750028,80.03749896,17.309965
12.93750028,80.04583229,645.28357
12.93750028,80.05416563,912.77216
12.93750028,80.06249896,79.394485
12.93750028,80.07083229,1487.3901
12.93750028,80.07916563,1200.2646
12.93750028,80.08749896,1096.9775
12.93750028,80.09583229,2275.0652
12.93750028,80.10416563,2861.0657
12.93750028,80.11249896,5215.5464
12.93750028,80.12083229,5497.5283
12.93750028,80.12916563,7136.0186
12.93750028,80.13749896,7020.3037
12.93750028,80.14583229,10067.035
12.93750028,80.15416563,7958.2734
12.93750028,80.16249896,5062.824
12.93750028,80.17083229,4338.995
12.93750028,80.17916563,9272.712
12.93750028,80.18749896,8120.708
12.93750028,80.19583229,4309.1943
12.93750028,80.20416563,8906.767
12.93750028,80.21249896,7933.315
12.93750028,80.22083229,1137.4443
12.93750028,80.22916563,3834.3484
12.93750028,80.23749896,9800.364
12.93750028,80.24583229,7774.658
12.93750028,80.25416563,7348.9863
12.93750028,80.26249896,530.4043
12.92916695,80.00416563,373.8909
12.92916695,80.01249896,619.5466
12.92916695,80.02083229,506.86957
12.92916695,80.02916563,322.51904
12.92916695,80.03749896,97.36784
12.92916695,80.04583229,893.5002
12.92916695,80.05416563,133.63356
12.92916695,80.06249896,48.86159
12.92916695,80.07083229,298.87805
12.92916695,80.07916563,940.7237
12.92916695,80.08749896,1234.8538
12.92916695,80.09583229,6587.012
12.92916695,80.10416563,7759.3525
12.92916695,80.11249896,8222.781
12.92916695,80.12083229,8104.4556
12.92916695,80.12916563,9167.319
12.92916695,80.13749896,9380.164
12.92916695,80.14583229,9526.055
12.92916695,80.15416563,6395.536
12.92916695,80.16249896,5269.5684
12.92916695,80.17083229,506.63367
12.92916695,80.17916563,3272.0696
12.92916695,80.18749896,3619.7876
12.92916695,80.19583229,6148.525
12.92916695,80.20416563,9331.135
12.92916695,80.21249896,6136.8926
12.92916695,80.22083229,725.2651
12.92916695,80.22916563,6502.705
12.92916695,80.23749896,9625.2705
12.92916695,80.24583229,5612.8228
12.92916695,80.25416563,4952.6177
12.92916695,80.26249896,59.4329
12.92083362,80.00416563,929.3293
12.92083362,80.01249896,546.94495
12.92083362,80.02083229,1684.399
12.92083362,80.02916563,532.8787
12.92083362,80.03749896,1301.2704
12.92083362,80.04583229,1550.4652
12.92083362,80.05416563,763.6834
12.92083362,80.06249896,1628.24
12.92083362,80.07083229,3134.865
12.92083362,80.07916563,6232.281
12.92083362,80.08749896,6641.7065
12.92083362,80.09583229,9546.037
12.92083362,80.10416563,7427.196
12.92083362,80.11249896,8523.819
12.92083362,80.12083229,3934.568
12.92083362,80.12916563,7247.729
12.92083362,80.13749896,8187.68
12.92083362,80.14583229,10092.879
12.92083362,80.15416563,8815.241
12.92083362,80.16249896,7778.112
12.92083362,80.17083229,4572.8135
12.92083362,80.17916563,3325.4653
12.92083362,80.18749896,8978.388
12.92083362,80.19583229,9327.459
12.92083362,80.20416563,7618.9814
12.92083362,80.21249896,1945.1018
12.92083362,80.22083229,726.0494
12.92083362,80.22916563,6555.341
12.92083362,80.23749896,4221.2764
12.92083362,80.24583229,4998.155
12.92083362,80.25416563,4941.8433
12.91250028,80.00416563,162.46904
12.91250028,80.01249896,3.3945844
12.91250028,80.02083229,807.3964
12.91250028,80.02916563,1034.094
12.91250028,80.03749896,1224.7062
12.91250028,80.04583229,616.267
12.91250028,80.05416563,698.82574
12.91250028,80.06249896,3738.697
12.91250028,80.07083229,6736.2974
12.91250028,80.07916563,3944.0923
12.91250028,80.08749896,6484.006
12.91250028,80.09583229,9246.173
12.91250028,80.10416563,8247.184
12.91250028,80.11249896,3514.2444
12.91250028,80.12083229,1836.4927
12.91250028,80.12916563,3443.123
12.91250028,80.13749896,4642.762
12.91250028,80.14583229,8511.171
12.91250028,80.15416563,8302.054
12.91250028,80.16249896,4781.9707
12.91250028,80.17083229,5205.9634
12.91250028,80.17916563,6378.0254
12.91250028,80.18749896,7770.1025
12.91250028,80.19583229,9516.267
12.91250028,80.20416563,4265.8086
12.91250028,80.21249896,181.30865
12.91250028,80.22083229,2300.074
12.91250028,80.22916563,8660.277
12.91250028,80.23749896,2961.241
12.91250028,80.24583229,2150.8203
12.91250028,80.25416563,4177.1875
12.90416695,80.00416563,14.888055
12.90416695,80.01249896,152.75513
12.90416695,80.02083229,932.13245
12.90416695,80.02916563,640.9032
12.90416695,80.03749896,3.25733
12.90416695,80.04583229,857.41064
12.90416695,80.05416563,190.93527
12.90416695,80.06249896,4069.8352
12.90416695,80.07083229,4125.532
12.90416695,80.07916563,2676.543
12.90416695,80.08749896,6736.1636
12.90416695,80.09583229,6285.5806
12.90416695,80.10416563,4661.148
12.90416695,80.11249896,1482.4274
12.90416695,80.12083229,957.6835
12.90416695,80.12916563,1734.4442
12.90416695,80.13749896,2088.5461
12.90416695,80.14583229,8453.918
12.90416695,80.15416563,8736.283
12.90416695,80.16249896,8218.549
12.90416695,80.17083229,4786.639
12.90416695,80.17916563,1962.6066
12.90416695,80.18749896,5077.448
12.90416695,80.19583229,7685.155
12.90416695,80.20416563,5040.5713
12.90416695,80.21249896,1595.464
12.90416695,80.22083229,4985.756
12.90416695,80.22916563,10041.427
12.90416695,80.23749896,3446.3352
12.90416695,80.24583229,4061.977
12.90416695,80.25416563,3018.1821
12.89583362,80.00416563,395.64264
12.89583362,80.01249896,1229.092
12.89583362,80.02083229,2200.859
12.89583362,80.02916563,2547.579
12.89583362,80.03749896,612.2626
12.89583362,80.04583229,2487.3699
12.89583362,80.05416563,954.9729
12.89583362,80.06249896,5477.8857
12.89583362,80.07083229,3623.8018
12.89583362,80.07916563,4157.484
12.89583362,80.08749896,5128.6826
12.89583362,80.09583229,306.63297
12.89583362,80.10416563,1042.6868
12.89583362,80.11249896,3940.9827
12.89583362,80.12083229,3328.2087
12.89583362,80.12916563,1379.011
12.89583362,80.13749896,3708.1292
12.89583362,80.14583229,2960.343
12.89583362,80.15416563,2357.3123
12.89583362,80.16249896,2757.7195
12.89583362,80.17083229,6897.395
12.89583362,80.17916563,7054.1035
12.89583362,80.18749896,2435.3125
12.89583362,80.19583229,2984.147
12.89583362,80.20416563,2864.8284
12.89583362,80.21249896,611.41077
12.89583362,80.22083229,4112.7725
12.89583362,80.22916563,9063.998
12.89583362,80.23749896,2628.0967
12.89583362,80.24583229,4756.614
12.89583362,80.25416563,2715.4878
12.88750028,80.00416563,1733.2637
12.88750028,80.01249896,4594.6973
12.88750028,80.02083229,6732.5083
12.88750028,80.02916563,4435.7593
12.88750028,80.03749896,2281.631
12.88750028,80.04583229,536.63196
12.88750028,80.05416563,630.2073
12.88750028,80.06249896,2862.3079
12.88750028,80.07083229,4543.9473
12.88750028,80.07916563,2587.8748
12.88750028,80.08749896,824.7076
12.88750028,80.09583229,162.25177
12.88750028,80.10416563,590.59436
12.88750028,80.11249896,2701.9028
12.88750028,80.12083229,1157.7666
12.88750028,80.12916563,1609.3187
12.88750028,80.13749896,5650.827
12.88750028,80.14583229,5631.306
12.88750028,80.15416563,2222.8792
12.88750028,80.16249896,455.02997
12.88750028,80.17083229,1082.0028
12.88750028,80.17916563,1771.5732
12.88750028,80.18749896,7217.935
12.88750028,80.19583229,2725.165
12.88750028,80.20416563,5220.797
12.88750028,80.21249896,911.5187
12.88750028,80.22083229,1493.3336
12.88750028,80.22916563,7003.8984
12.88750028,80.23749896,2049.3591
12.88750028,80.24583229,5344.167
12.88750028,80.25416563,1832.3379
12.87916695,80.00416563,1998.0981
12.87916695,80.01249896,1267.0278
12.87916695,80.02083229,2378.1663
12.87916695,80.02916563,1034.8857
12.87916695,80.03749896,286.73727
12.87916695,80.04583229,484.71838
12.87916695,80.05416563,528.26227
12.87916695,80.06249896,1764.7891
12.87916695,80.07083229,2961.2915
12.87916695,80.07916563,5471.5586
12.87916695,80.08749896,1328.6191
12.87916695,80.09583229,212.95276
12.87916695,80.10416563,1592.201
12.87916695,80.11249896,2589.215
12.87916695,80.12083229,154.76367
12.87916695,80.12916563,369.13556
12.87916695,80.13749896,926.3684
12.87916695,80.14583229,519.3833
12.87916695,80.15416563,1031.1768
12.87916695,80.16249896,1708.9767
12.87916695,80.17083229,1785.4065
12.87916695,80.17916563,99.456924
12.87916695,80.18749896,3706.9165
12.87916695,80.19583229,4018.641
12.87916695,80.20416563,5245.317
12.87916695,80.21249896,3465.416
12.87916695,80.22083229,1867.042
12.87916695,80.22916563,6608.9106
12.87916695,80.23749896,1298.1489
12.87916695,80.24583229,4238.967
12.87916695,80.25416563,837.77295
12.87083362,80.00416563,2038.3575
12.87083362,80.01249896,872.8684
12.87083362,80.02083229,1010.96094
12.87083362,80.02916563,115.56803
12.87083362,80.03749896,338.6973
12.87083362,80.04583229,1100.5779
12.87083362,80.05416563,3054.1277
12.87083362,80.06249896,4014.8235
12.87083362,80.07083229,3968.5828
12.87083362,80.07916563,4155.33
12.87083362,80.08749896,2138.2815
12.87083362,80.09583229,131.38274
12.87083362,80.10416563,2793.0627
12.87083362,80.11249896,2291.0808
12.87083362,80.12083229,295.5055
12.87083362,80.12916563,2065.177
12.87083362,80.13749896,1203.2312
12.87083362,80.14583229,910.74023
12.87083362,80.15416563,1270.9387
12.87083362,80.16249896,862.35406
12.87083362,80.17083229,729.4969
12.87083362,80.17916563,84.1484
12.87083362,80.18749896,367.77014
12.87083362,80.19583229,1174.2994
12.87083362,80.20416563,3518.8914
12.87083362,80.21249896,3534.393
12.87083362,80.22083229,4160.9233
12.87083362,80.22916563,3987.2805
12.87083362,80.23749896,1002.74835
12.87083362,80.24583229,4733.8887
12.87083362,80.25416563,288.43173
12.86250028,80.00416563,399.78607
12.86250028,80.01249896,231.94911
12.86250028,80.02083229,301.61356
12.86250028,80.02916563,516.54224
12.86250028,80.03749896,1966.6935
12.86250028,80.04583229,822.5647
12.86250028,80.05416563,2627.4856
12.86250028,80.06249896,6105.672
12.86250028,80.07083229,7669.606
12.86250028,80.07916563,7819.449
12.86250028,80.08749896,3275.0684
12.86250028,80.09583229,153.01479
12.86250028,80.10416563,3431.2463
12.86250028,80.11249896,1933.7131
12.86250028,80.12083229,3411.2336
12.86250028,80.12916563,1653.2549
12.86250028,80.13749896,2452.4817
12.86250028,80.14583229,2463.5352
12.86250028,80.15416563,1508.9141
12.86250028,80.16249896,1120.0627
12.86250028,80.17083229,1967.3374
12.86250028,80.17916563,930.8068
12.86250028,80.18749896,799.7834
12.86250028,80.19583229,1546.0121
12.86250028,80.20416563,1553.9868
12.86250028,80.21249896,1290.8002
12.86250028,80.22083229,1811.6193
12.86250028,80.22916563,4661.913
12.86250028,80.23749896,1116.7948
12.86250028,80.24583229,4047.976
12.86250028,80.25416563,20.841698
12.85416695,80.00416563,198.63617
12.85416695,80.01249896,343.8733
12.85416695,80.02083229,494.6048
12.85416695,80.02916563,336.85544
12.85416695,80.03749896,3145.6887
12.85416695,80.04583229,4409.1406
12.85416695,80.05416563,4307.0283
12.85416695,80.06249896,5620.6055
12.85416695,80.07083229,5176.6367
12.85416695,80.07916563,4018.3728
12.85416695,80.08749896,1940.3326
12.85416695,80.09583229,916.93036
12.85416695,80.10416563,343.06128
12.85416695,80.11249896,750.6409
12.85416695,80.12083229,3303.7307
12.85416695,80.12916563,1121.0297
12.85416695,80.13749896,2354.588
12.85416695,80.14583229,3018.4119
12.85416695,80.15416563,396.96075
12.85416695,80.16249896,675.8631
12.85416695,80.17083229,2758.5156
12.85416695,80.17916563,1086.3275
12.85416695,80.18749896,2338.064
12.85416695,80.19583229,2294.0764
12.85416695,80.20416563,1203.0999
12.85416695,80.21249896,2437.7764
12.85416695,80.22083229,2383.0251
12.85416695,80.22916563,3754.7322
12.85416695,80.23749896,2472.3647
12.85416695,80.24583229,3864.0608
12.84583362,80.00416563,2.1418526
12.84583362,80.01249896,757.31573
12.84583362,80.02083229,994.6552
12.84583362,80.02916563,674.67346
12.84583362,80.03749896,1680.8545
12.84583362,80.04583229,1894.1666
12.84583362,80.05416563,2116.822
12.84583362,80.06249896,7060.226
12.84583362,80.07083229,4102.2715
12.84583362,80.07916563,1265.9507
12.84583362,80.08749896,2493.2388
12.84583362,80.09583229,588.3569
12.84583362,80.10416563,34.31351
12.84583362,80.11249896,123.12611
12.84583362,80.12083229,601.9841
12.84583362,80.12916563,1009.3047
12.84583362,80.13749896,3593.4822
12.84583362,80.14583229,2356.8838
12.84583362,80.15416563,2921.4905
12.84583362,80.16249896,1066.3246
12.84583362,80.17083229,884.5666
12.84583362,80.17916563,963.20886
12.84583362,80.18749896,746.387
12.84583362,80.19583229,1780.511
12.84583362,80.20416563,2814.9756
12.84583362,80.21249896,5304.8853
12.84583362,80.22083229,5349.069
12.84583362,80.22916563,6990.6406
12.84583362,80.23749896,2594.1758
12.84583362,80.24583229,2414.9177
12.83750028,80.00416563,193.93044
12.83750028,80.01249896,597.77954
12.83750028,80.02083229,545.6368
12.83750028,80.02916563,758.2588
12.83750028,80.03749896,329.88675
12.83750028,80.04583229,2416.1516
12.83750028,80.05416563,6011.793
12.83750028,80.06249896,4206.389
12.83750028,80.07083229,3408.402
12.83750028,80.07916563,268.0775
12.83750028,80.08749896,1745.4276
12.83750028,80.09583229,416.62076
12.83750028,80.10416563,131.59065
12.83750028,80.11249896,544.25104
12.83750028,80.12083229,1726.1497
12.83750028,80.12916563,1929.193
12.83750028,80.13749896,2705.4824
12.83750028,80.14583229,462.70746
12.83750028,80.15416563,3549.5605
12.83750028,80.16249896,946.4333
12.83750028,80.17083229,2362.9055
12.83750028,80.17916563,1044.6449
12.83750028,80.18749896,682.60156
12.83750028,80.19583229,31.939339
12.83750028,80.20416563,3136.7808
12.83750028,80.21249896,1957.1672
12.83750028,80.22083229,4666.3433
12.83750028,80.22916563,5790.0435
12.83750028,80.23749896,1776.2147
12.83750028,80.24583229,1768.8535
12.82916695,80.00416563,436.57065
12.82916695,80.01249896,521.0899
12.82916695,80.02083229,1494.9725
12.82916695,80.02916563,464.88403
12.82916695,80.03749896,1461.923
12.82916695,80.04583229,6571.0522
12.82916695,80.05416563,4067.365
12.82916695,80.06249896,290.46536
12.82916695,80.07083229,4760.41
12.82916695,80.07916563,1107.7168
12.82916695,80.08749896,834.8464
12.82916695,80.09583229,792.08594
12.82916695,80.10416563,567.6318
12.82916695,80.11249896,1064.7705
12.82916695,80.12083229,1371.2601
12.82916695,80.12916563,1053.9973
12.82916695,80.13749896,958.6386
12.82916695,80.14583229,364.6711
12.82916695,80.15416563,276.2419
12.82916695,80.16249896,2598.6199
12.82916695,80.17083229,1242.8712
12.82916695,80.17916563,709.80115
12.82916695,80.18749896,45.28
12.82916695,80.19583229,316.06567
12.82916695,80.20416563,1441.0187
12.82916695,80.21249896,1708.2676
12.82916695,80.22083229,5119.7817
12.82916695,80.22916563,5240.656
12.82916695,80.23749896,2451.5771
12.82916695,80.24583229,2358.1008
12.82083362,80.00416563,589.9011
12.82083362,80.01249896,315.64948
12.82083362,80.02083229,527.41095
12.82083362,80.02916563,2434.9385
12.82083362,80.03749896,3766.2405
12.82083362,80.04583229,4126.5747
12.82083362,80.05416563,1651.7557
12.82083362,80.06249896,127.542694
12.82083362,80.07083229,1568.7438
12.82083362,80.07916563,3610.813
12.82083362,80.08749896,2086.1707
12.82083362,80.09583229,170.3852
12.82083362,80.10416563,174.60753
12.82083362,80.11249896,1402.2288
12.82083362,80.12083229,477.44073
12.82083362,80.12916563,555.53815
12.82083362,80.13749896,239.79599
12.82083362,80.14583229,57.076088
12.82083362,80.15416563,3.3481627
12.82083362,80.16249896,496.59665
12.82083362,80.17083229,179.52502
12.82083362,80.17916563,20.498371
12.82083362,80.18749896,67.516655
12.82083362,80.19583229,836.2517
12.82083362,80.20416563,3597.9336
12.82083362,80.21249896,3511.019
12.82083362,80.22083229,4418.054
12.82083362,80.22916563,5431.5527
12.82083362,80.23749896,3210.2039
12.82083362,80.24583229,1307.7958
12.81250028,80.00416563,665.17426
12.81250028,80.01249896,140.71921
12.81250028,80.02083229,1368.7915
12.81250028,80.02916563,5282.078
12.81250028,80.03749896,3562.4387
12.81250028,80.04583229,544.80133
12.81250028,80.05416563,188.62263
12.81250028,80.06249896,22.65132
12.81250028,80.07083229,539.77423
12.81250028,80.07916563,3091.4143
12.81250028,80.08749896,1048.2407
12.81250028,80.09583229,719.7488
12.81250028,80.10416563,95.4595
12.81250028,80.11249896,214.58292
12.81250028,80.12083229,321.0669
12.81250028,80.12916563,491.92578
12.81250028,80.13749896,765.7505
12.81250028,80.14583229,772.1417
12.81250028,80.15416563,237.42642
12.81250028,80.16249896,1461.5973
12.81250028,80.17083229,298.00534
12.81250028,80.17916563,107.204575
12.81250028,80.18749896,1312.838
12.81250028,80.19583229,2108.4597
12.81250028,80.20416563,2549.9658
12.81250028,80.21249896,623.45953
12.81250028,80.22083229,2161.278
12.81250028,80.22916563,5317.5874
12.81250028,80.23749896,1867.7413
12.81250028,80.24583229,998.1752
12.80416695,80.00416563,1708.2806
12.80416695,80.01249896,273.28256
12.80416695,80.02083229,364.43893
12.80416695,80.02916563,5093.3174
12.80416695,80.03749896,2659.5493
12.80416695,80.04583229,702.8939
12.80416695,80.06249896,61.443104
12.80416695,80.07083229,2182.8108
12.80416695,80.07916563,2679.7747
12.80416695,80.08749896,1525.9346
12.80416695,80.09583229,696.316
12.80416695,80.10416563,216.5286
12.80416695,80.11249896,89.444176
12.80416695,80.12083229,762.5836
12.80416695,80.12916563,245.17027
12.80416695,80.13749896,254.78177
12.80416695,80.14583229,1155.9441
12.80416695,80.15416563,33.47094
12.80416695,80.16249896,17.104712
12.80416695,80.17083229,137.07925
12.80416695,80.17916563,41.68139
12.80416695,80.18749896,1290.933
12.80416695,80.19583229,2048.435
12.80416695,80.20416563,2076.572
12.80416695,80.21249896,1023.5369
12.80416695,80.22083229,4174.292
12.80416695,80.22916563,4211.333
12.80416695,80.23749896,770.0282
12.80416695,80.24583229,802.377
12.80416695,80.25416563,3.3334537
12.79583362,80.00416563,1780.1533
12.79583362,80.01249896,1331.6194
12.79583362,80.02083229,3328.113
12.79583362,80.02916563,4932.0747
12.79583362,80.03749896,2831.9434
12.79583362,80.04583229,531.6592
12.79583362,80.06249896,168.49461
12.79583362,80.07083229,873.5369
12.79583362,80.07916563,986.14856
12.79583362,80.08749896,981.2425
12.79583362,80.09583229,1864.1565
12.79583362,80.10416563,507.00305
12.79583362,80.11249896,377.27396
12.79583362,80.12083229,688.17737
12.79583362,80.12916563,627.7187
12.79583362,80.13749896,784.7122
12.79583362,80.14583229,482.82852
12.79583362,80.15416563,77.54541
12.79583362,80.16249896,95.87604
12.79583362,80.17083229,337.04706
12.79583362,80.17916563,635.60406
12.79583362,80.18749896,609.22455
12.79583362,80.19583229,966.0742
12.79583362,80.20416563,3185.6655
12.79583362,80.21249896,2602.931
12.79583362,80.22083229,6598.5176
12.79583362,80.22916563,3468.3352
12.79583362,80.23749896,518.8196
12.79583362,80.24583229,2561.909
12.79583362,80.25416563,141.93561
12.78750028,80.00416563,1281.9259
12.78750028,80.01249896,4326.197
12.78750028,80.02083229,4275.747
12.78750028,80.02916563,5158.756
12.78750028,80.03749896,4432.816
12.78750028,80.04583229,1048.131
12.78750028,80.05416563,5.1008153
12.78750028,80.06249896,126.68774
12.78750028,80.07083229,543.7967
12.78750028,80.07916563,950.4516
12.78750028,80.08749896,845.3918
12.78750028,80.09583229,2085.9685
12.78750028,80.10416563,435.91476
12.78750028,80.11249896,76.84395
12.78750028,80.12083229,164.10394
12.78750028,80.12916563,244.85573
12.78750028,80.13749896,38.221844
12.78750028,80.14583229,1.32E-09
12.78750028,80.15416563,634.8154
12.78750028,80.16249896,55.482025
12.78750028,80.17083229,10.330152
12.78750028,80.17916563,389.49982
12.78750028,80.18749896,356.91202
12.78750028,80.19583229,390.33978
12.78750028,80.20416563,1277.0881
12.78750028,80.21249896,4532.777
12.78750028,80.22083229,7841.9155
12.78750028,80.22916563,1877.4601
12.78750028,80.23749896,318.6125
12.78750028,80.24583229,2607.6658
12.78750028,80.25416563,2087.873
12.77916695,80.00416563,166.53992
12.77916695,80.01249896,3394.916
12.77916695,80.02083229,4324.282
12.77916695,80.02916563,2416.3687
12.77916695,80.03749896,533.58386
12.77916695,80.04583229,1258.7748
12.77916695,80.05416563,623.1273
12.77916695,80.06249896,998.963
12.77916695,80.07083229,599.75916
12.77916695,80.07916563,482.33945
12.77916695,80.08749896,367.91782
12.77916695,80.09583229,502.33267
12.77916695,80.10416563,882.11316
12.77916695,80.11249896,288.21924
12.77916695,80.12083229,1.10E-09
12.77916695,80.12916563,17.203331
12.77916695,80.14583229,30.410738
12.77916695,80.15416563,1117.094
12.77916695,80.16249896,1059.7443
12.77916695,80.17083229,54.184635
12.77916695,80.17916563,1.4426947
12.77916695,80.18749896,163.36879
12.77916695,80.19583229,1582.3622
12.77916695,80.20416563,2310.7092
12.77916695,80.21249896,3707.8252
12.77916695,80.22083229,2906.0623
12.77916695,80.22916563,508.9967
12.77916695,80.23749896,53.57394
12.77916695,80.24583229,1696.3567
12.77916695,80.25416563,1387.5134
12.77083362,80.00416563,965.4659
12.77083362,80.01249896,4375.8574
12.77083362,80.02083229,3339.1106
12.77083362,80.02916563,1111.2313
12.77083362,80.03749896,872.5719
12.77083362,80.04583229,522.62756
12.77083362,80.05416563,469.16348
12.77083362,80.06249896,137.36342
12.77083362,80.07083229,312.52686
12.77083362,80.07916563,751.3955
12.77083362,80.08749896,11.081291
12.77083362,80.09583229,13.493456
12.77083362,80.10416563,580.15045
12.77083362,80.11249896,700.5924
12.77083362,80.12083229,22.493567
12.77083362,80.12916563,4.3101373
12.77083362,80.13749896,373.2925
12.77083362,80.14583229,1218.4902
12.77083362,80.15416563,1032.8086
12.77083362,80.16249896,391.45673
12.77083362,80.17083229,51.83035
12.77083362,80.17916563,79.19379
12.77083362,80.18749896,861.4729
12.77083362,80.19583229,618.53265
12.77083362,80.20416563,1093.4148
12.77083362,80.21249896,2694.4104
12.77083362,80.22083229,441.56158
12.77083362,80.23749896,6.091058
12.77083362,80.24583229,1205.7305
12.77083362,80.25416563,139.6015
12.76250028,80.00416563,5774.005
12.76250028,80.01249896,2399.285
12.76250028,80.02083229,2097.3286
12.76250028,80.02916563,1547.3717
12.76250028,80.03749896,1286.008
12.76250028,80.04583229,1268.0066
12.76250028,80.05416563,1055.7418
12.76250028,80.06249896,1396.1671
12.76250028,80.07083229,310.48474
12.76250028,80.07916563,44.558975
12.76250028,80.08749896,13.986303
12.76250028,80.09583229,92.91897
12.76250028,80.10416563,99.53013
12.76250028,80.11249896,145.58147
12.76250028,80.12083229,1.1881015
12.76250028,80.12916563,3.2248533
12.76250028,80.13749896,95.468994
12.76250028,80.14583229,286.30237
12.76250028,80.15416563,635.6217
12.76250028,80.16249896,239.03741
12.76250028,80.17083229,2.7156632
12.76250028,80.17916563,274.62036
12.76250028,80.18749896,980.6035
12.76250028,80.19583229,296.5962
12.76250028,80.20416563,792.6667
12.76250028,80.21249896,696.3131
12.76250028,80.22083229,2.7156672
12.76250028,80.23749896,484.21725
12.76250028,80.24583229,1011.71136
12.75416695,80.00416563,4562.577
12.75416695,80.01249896,2481.0576
12.75416695,80.02083229,725.1159
12.75416695,80.02916563,19.758955
12.75416695,80.03749896,62.288666
12.75416695,80.04583229,215.13557
12.75416695,80.05416563,8.401587
12.75416695,80.06249896,298.71124
12.75416695,80.07083229,290.9035
12.75416695,80.07916563,58.67414
12.75416695,80.08749896,90.52751
12.75416695,80.09583229,460.5603
12.75416695,80.10416563,1471.4867
12.75416695,80.11249896,699.4831
12.75416695,80.12083229,65.055145
12.75416695,80.12916563,16.991644
12.75416695,80.13749896,58.208946
12.75416695,80.14583229,338.4567
12.75416695,80.15416563,38.00273
12.75416695,80.16249896,168.75366
12.75416695,80.17916563,67.46949
12.75416695,80.18749896,334.42126
12.75416695,80.19583229,1697.6157
12.75416695,80.20416563,1250.3171
12.75416695,80.21249896,120.140236
12.75416695,80.23749896,680.644
12.75416695,80.24583229,260.5787
12.74583362,80.00416563,568.0144
12.74583362,80.01249896,112.97512
12.74583362,80.02083229,856.36926
12.74583362,80.02916563,161.12839
12.74583362,80.03749896,181.15819
12.74583362,80.04583229,977.4184
12.74583362,80.05416563,312.69714
12.74583362,80.06249896,34.619736
12.74583362,80.07083229,215.50911
12.74583362,80.07916563,420.8486
12.74583362,80.08749896,47.501667
12.74583362,80.09583229,560.19867
12.74583362,80.10416563,447.08142
12.74583362,80.11249896,364.10577
12.74583362,80.12083229,779.48676
12.74583362,80.12916563,1828.8129
12.74583362,80.13749896,881.60974
12.74583362,80.14583229,782.2256
12.74583362,80.15416563,39.296284
12.74583362,80.16249896,508.6373
12.74583362,80.17083229,9.739421
12.74583362,80.17916563,321.58508
12.74583362,80.18749896,715.0828
12.74583362,80.19583229,1901.8003
12.74583362,80.20416563,1271.7158
12.74583362,80.21249896,2.42023
12.74583362,80.22916563,10.24593
12.74583362,80.23749896,996.47845
12.74583362,80.24583229,127.3414
12.73750029,80.00416563,5500.7646
12.73750029,80.01249896,2614.862
12.73750029,80.02083229,2058.947
12.73750029,80.02916563,133.45563
12.73750029,80.03749896,11.642423
12.73750029,80.04583229,480.71973
12.73750029,80.05416563,763.98663
12.73750029,80.06249896,635.0766
12.73750029,80.07083229,48.034122
12.73750029,80.07916563,1.7821537
12.73750029,80.08749896,4.24E-10
12.73750029,80.09583229,741.53656
12.73750029,80.10416563,48.218197
12.73750029,80.11249896,879.54767
12.73750029,80.12083229,293.8106
12.73750029,80.12916563,1291.2952
12.73750029,80.13749896,462.23273
12.73750029,80.14583229,917.3317
12.73750029,80.15416563,388.00732
12.73750029,80.16249896,559.2745
12.73750029,80.17083229,197.30856
12.73750029,80.17916563,504.73444
12.73750029,80.18749896,1563.593
12.73750029,80.19583229,1476.3656
12.73750029,80.20416563,929.70593
12.73750029,80.21249896,59.523373
12.73750029,80.22083229,1.1761264
12.73750029,80.22916563,272.45053
12.73750029,80.23749896,1363.4993
12.72916695,80.00416563,5164.645
12.72916695,80.01249896,4826.262
12.72916695,80.02083229,4142.781
12.72916695,80.02916563,568.485
12.72916695,80.03749896,1.37E-10
12.72916695,80.04583229,6.1872363
12.72916695,80.05416563,169.55362
12.72916695,80.06249896,644.08997
12.72916695,80.07083229,4.9221363
12.72916695,80.07916563,249.4952
12.72916695,80.08749896,74.97547
12.72916695,80.09583229,570.64386
12.72916695,80.10416563,6.5522575
12.72916695,80.11249896,263.1611
12.72916695,80.12083229,16.055115
12.72916695,80.12916563,2.1438594
12.72916695,80.13749896,207.73782
12.72916695,80.14583229,68.46438
12.72916695,80.15416563,181.43187
12.72916695,80.16249896,144.91048
12.72916695,80.17083229,98.587494
12.72916695,80.17916563,202.41147
12.72916695,80.18749896,5088.703
12.72916695,80.19583229,469.26508
12.72916695,80.20416563,1248.582
12.72916695,80.21249896,270.28778
12.72916695,80.22083229,4.9723206
12.72916695,80.22916563,997.02075
12.72916695,80.23749896,510.4738
12.72083362,80.00416563,1961.1748
12.72083362,80.01249896,2175.5464
12.72083362,80.02083229,2746.6292
12.72083362,80.02916563,2084.0085
12.72083362,80.03749896,54.07748
12.72083362,80.05416563,38.87783
12.72083362,80.06249896,544.5757
12.72083362,80.07083229,7.2959146
12.72083362,80.07916563,773.7967
12.72083362,80.08749896,732.2898
12.72083362,80.09583229,198.6745
12.72083362,80.10416563,116.55792
12.72083362,80.11249896,975.7511
12.72083362,80.12083229,96.754745
12.72083362,80.12916563,4.79E-11
12.72083362,80.13749896,37.04452
12.72083362,80.14583229,5.6985254
12.72083362,80.15416563,491.86847
12.72083362,80.17083229,197.83495
12.72083362,80.17916563,1052.1378
12.72083362,80.18749896,4915.843
12.72083362,80.19583229,463.17087
12.72083362,80.20416563,320.87738
12.72083362,80.22083229,73.165825
12.72083362,80.22916563,1241.9614
12.72083362,80.23749896,13.170907
12.71250029,80.00416563,91.73507
12.71250029,80.01249896,1244.3611
12.71250029,80.02083229,701.17474
12.71250029,80.02916563,339.95825
12.71250029,80.03749896,3.5643084
12.71250029,80.05416563,12.559945
12.71250029,80.06249896,192.92525
12.71250029,80.07083229,47.316513
12.71250029,80.07916563,795.6445
12.71250029,80.08749896,128.49434
12.71250029,80.09583229,651.2291
12.71250029,80.10416563,209.01813
12.71250029,80.11249896,424.09268
12.71250029,80.12083229,74.10468
12.71250029,80.12916563,1023.9726
12.71250029,80.13749896,354.1805
12.71250029,80.14583229,82.06747
12.71250029,80.15416563,11.578093
12.71250029,80.17083229,197.28702
12.71250029,80.17916563,299.54184
12.71250029,80.18749896,2630.7527
12.71250029,80.19583229,782.7093
12.71250029,80.20416563,0.5874427
12.71250029,80.21249896,44.905796
12.71250029,80.22083229,1465.0704
12.71250029,80.22916563,598.31055
12.70416695,80.00416563,644.9933
12.70416695,80.01249896,831.50946
12.70416695,80.02083229,189.56529
12.70416695,80.02916563,56.8626
12.70416695,80.04583229,325.17273
12.70416695,80.05416563,330.15613
12.70416695,80.06249896,712.3807
12.70416695,80.07083229,266.1707
12.70416695,80.07916563,307.70212
12.70416695,80.08749896,550.90924
12.70416695,80.09583229,918.82446
12.70416695,80.10416563,106.81059
12.70416695,80.11249896,725.3342
12.70416695,80.12083229,1.29E-09
12.70416695,80.12916563,1325.5529
12.70416695,80.13749896,75.049706
12.70416695,80.14583229,1166.7416
12.70416695,80.15416563,6.0253844
12.70416695,80.16249896,2.16E-11
12.70416695,80.17916563,124.979225
12.70416695,80.18749896,235.92018
12.70416695,80.19583229,1011.29083
12.70416695,80.20416563,70.15254
12.70416695,80.21249896,5.36E-09
12.70416695,80.22083229,1794.3452
12.70416695,80.22916563,990.74066
